uuid,event_id,category,type,value,comment,to_ids,date,object_relation,attribute_tag,object_uuid,object_name,object_meta_category
"5d32950c-5d90-42db-8b52-75e968f8e8cf",1206,"Internal reference","text","Disable-Windows-Defender:

b'DisableBehaviorMonitoring'
b'DisableOnAccessProtection'
b'DisableScanOnRealtimeEnable'
b'DisableAntiSpyware'
b'DisableIOAVProtection'
b'-DisableRealtimeMonitoring $true'
b'-DisableBehaviorMonitoring $true'
b'-DisableBlockAtFirstSeen $true'
b'-DisableIOAVProtection $true'
b'-DisablePrivacyMode $true'
b'-DisableIntrusionPreventionSystem $true'
b'-SevereThreatDefaultAction 6'
b'-LowThreatDefaultAction 6'
b'-ModerateThreatDefaultAction 6'
b'-DisableScriptScanning $true'

/c powershell Set-MpPreference
\Windows Defender
\\Windows Defender\\Real-Time Protection","Notes",0,1563596044,"","","","",""
"5d32952a-da94-4b35-8c6b-75e768f8e8cf",1206,"Internal reference","text","b'shell32.dll'
b'ntdll.dll'
b'shlwapi.dll'
b'advapi32.dll'
b'B64svchost.exe\x18\xdbY\x1d\x9c\x9d\x0c\xcc\x8b\x99\x1b\x1b'
b'vmcheck.dll'
b'dbghelp.dll'
b'wpespy.dll'
b'api_log.dll'
b'SbieDll.dll'
b'SxIn.dll'
b'dir_watch.dll'
b'Sf2.dll'
b'pstorec.dll'
b'snxhk.dll'
b'MSEDGE'
b'IEUser'
b'SOFTWARE\\Microsoft\\Windows NT\\CurrentVersion\\'
b'ProductName'
b'Evaluation'
b'SOFTWARE\\Microsoft\\Virtual Machine'
b'{3E5FC7F9-9A51-4367-9063-A120244FBEC7}'
b'{6EDD6D74-C007-4E75-B76A-E5740995E24C}'
b'explorer.exe'
b'bloody booty bla de bludy botty bla lhe capitaine bloode!'
b'ole32.dll'
b'wtsapi32\x15\xd5\x14\xd1[\x9d[Y\\\x98]\x19T\xd9\\\xdc\xda[\xdb\x9c\xd0'
b'WTSFreeMemory'
b'WTSGetActiveConsoleSessionId'
b'WTSQueryUserToken'
b'SeTcbPrivilege'
b'Elevation:Administrator!new:'
b'.log'
b'client_id'
b'%d%d%d.'
b'user32.dll'
b'CLSIDFromString'
b'IIDFromString'
b'C:\\Program Files\\Sophos\\Sophos System Protection\\ssp.exe'
b'cmd.exe'
b'/c net stop SAVService'
b'/c net stop SAVAdminService'
b'/c net stop Sophos AutoUpdate Service'
b'/c net stop SophosDataRecorderService'
b'/c net stop Sophos MCS Agent'
b'/c net stop Sophos MCS Client'
b'/c net stop sophossps'
b'/c net stop Sntp Service'
b'/c net stop Sophos Web Control Service'
b'/c net stop swi_service'
b'/c net stop swi_update_64'
b'C:\\Program Files\\Sophos\\Sophos System Protection\\1.exe'
b'C:\\Program Files\\Malwarebytes\\Anti-Malware\\MBAMService.exe'
b'/c sc stop WinDefend'
b'/c sc delete WinDefend'
b'DisableBehaviorMonitoring'
b'DisableOnAccessProtection'
b'DisableScanOnRealtimeEnable'
b'/c powershell Set-MpPreference '
b'SOFTWARE\\Policies\\Microsoft\\Windows Defender'
b'DisableAntiSpyware'
b'SOFTWARE\\Policies\\Microsoft\\Windows Defender\\Real-Time Protection'
b'DisableIOAVProtection'
b'-DisableRealtimeMonitoring $true'
b'data'
b'-DisableBehaviorMonitoring $true'
b'MBAMService'
b'SAVService'
b'SavService.exe'
b'ALMon.exe'
b'SophosFS.exe'
b'ALsvc.exe'
b'Clean.exe'
b'SAVAdminService.exe'
b'SavService.exe'
b'ALMon.exe'
b'/c sc stop SAVService'
b'/c sc delete SAVService'
b'SOFTWARE\\Microsoft\\Windows NT\\CurrentVersion\\Image File Execution Options'
b'Debugger'
b'kjkghuguflykjhkj'
b'-DisableBlockAtFirstSeen $true'
b'-DisableIOAVProtection $true'
b'-DisablePrivacyMode $true'
b'-DisableIntrusionPreventionSystem $true'
b'-SevereThreatDefaultAction 6'
b'-LowThreatDefaultAction 6'
b'-ModerateThreatDefaultAction 6'
b'-DisableScriptScanning $true'
b'KERNEL32.dll'
b'IEUser'
b'SOFTWARE\\Microsoft\\Windows NT\\CurrentVersion\\'
b'ProductName'
b'Evaluation'","First Loader Template",0,1563596074,"","","","",""
"5d329553-3294-4718-afde-662c68f8e8cf",1206,"Internal reference","text","b'checkip.amazonaws.com'
b'ipecho.net'
b'ipinfo.io'
b'api.ipify.org'
b'icanhazip.com'
b'myexternalip.com'
b'wtfismyip.com'
b'ip.anysrc.net'
b'api.ipify.org'
b'api.ip.sb'
b'ident.me'
b'www.myexternalip.com'
b'/plain'
b'/ip'
b'/raw'
b'/text'
b'/?format=text'
b'zen.spamhaus.org'
b'cbl.abuseat.org'
b'b.barracudacentral.org'
b'dnsbl-1.uceprotect.net'
b'spam.dnsbl.sorbs.net'
b'Module is not valid'
b'svchost.exe'
b'%s.%s'
b'Ms Net 14.0 libraries'
b'SYSTEM'
b'S-1-5-18'
b'0.0.0.0'
b'SeTcbPrivilege'
b'explorer.exe'
b'ModuleQuery'
b'WantRelease'
b'VERS'
b'SINJ'
b'%s%s'
b'Data\\'
b'Control failed'
b'Start failed'
b'Win32 error'
b'tmp'
b'/%s/%s/0/%s/%s/%s/%s/%s/'
b'------Boundary%08X'
b'Content-Type: multipart/form-data; boundary=%s\r\nContent-Length: %d\r\n\r\n'
b'--%s\r\nContent-Disposition: form-data; name=""%S""\r\n\r\n'
b'--%s--\r\n\r\n'
b'ECDSA_P384'
b'ECCPUBLICBLOB'
b'SignatureLength'
b'spk'
b'settings.ini'
b' %u %u %u %u'
b'user'
b'wtsapi32'
b'WTSEnumerateSessionsA'
b'WTSFreeMemory'
b'WTSGetActiveConsoleSessionId'
b'WTSQueryUserToken'
b'autorun'
b'/%s/%s/5/%s/'
b'POST'
b'shlwapi'
b'UrlEscapeW'
b'path'
b'%s/%s/63/%s/%s/%s/%s/'
b'noname'
b'%d%d%d.'
b'data\\'
b'/%s/%s/25/%s/'
b'<RunLevel>HighestAvailable</RunLevel>\n<GroupId>NT AUTHORITY\\SYSTEM</GroupId>\n<LogonType>InteractiveToken</LogonType>\n'
b'<LogonType>InteractiveToken</LogonType>\n<RunLevel>LeastPrivilege</RunLevel>'
b'<?xml version=""1.0"" encoding=""UTF-16""?>\n<Task version=""1.2""\nxmlns=""http://schemas.microsoft.com/windows/2004/02/mit/task"">\n<RegistrationInfo>\n<Version>1.0.0</Version>\n<Author>AuthorName</Author><Description>Net 14.0 libraries</Description>\n</RegistrationInfo>\n<Triggers>\n'
b'<BootTrigger>\n<Enabled>true</Enabled>\n'
b'<LogonTrigger>\n<Enabled>true</Enabled>\n'
b'<UserId>'
b'</UserId>'
b'</LogonTrigger>\n'
b'</BootTrigger>\n'
b'<TimeTrigger>\n<Repetition>\n<Interval>PT9M</Interval>\n<Duration>P415DT14H23M</Duration>\n<StopAtDurationEnd>false</StopAtDurationEnd>\n</Repetition>\n<StartBoundary>'
b'%04d-%02d-%02dT%02d:%02d:%02d'
b'</StartBoundary>\n<Enabled>true</Enabled>\n</TimeTrigger>\n</Triggers>\n<Principals>\n<Principal id=""Author"">\n'
b'\x03\x03\x82\x05# '
b'Windows Server 2008'
b'Windows Server 2012 R2'
b'Windows Server 2012'
b'Windows 7'
b'Windows 8.1'
b'Windows 8'
b'Windows XP'
b'Windows 2000'
b'Windows 10 Server'
b'Windows Vista'
b'Windows Server 2003'
b'Windows 10'
b'x86'
b'x64'
b'%s %s SP%d'
b'/%s/%s/23/%d/'
b'Start'
b'Control'
b'FreeBuffer'
b'Release'
b'bcrypt.dll'
b'SHLWAPI.dll'
b'ncrypt.dll'
b'ntdll.dll'
b'USER32.dll'
b'WINHTTP.dll'
b'ADVAPI32.dll'
b'CRYPT32.dll'
b'WS2_32.dll'
b'IPHLPAPI.DLL'
b'USERENV.dll'
b'ole32.dll'
b'OLEAUT32.dll'
b'SHELL32.dll'","Second Loader Template",0,1563596115,"","","","",""
"5d3293e9-e7dc-4546-b225-662c68f8e8cf",1206,"Payload delivery","malware-sample","6044562f6fb183cdc6760c5ab574a7d9a17c1129bd5712e740e0fbdd527a284e|dda66624a2139ccfee1a5569edf30c33","",1,1563595753,"malware-sample","","5d3293e9-b520-40ea-8f74-662c68f8e8cf","file","file"
"5d3293e9-fe80-4f34-b308-662c68f8e8cf",1206,"Payload delivery","filename","6044562f6fb183cdc6760c5ab574a7d9a17c1129bd5712e740e0fbdd527a284e","",0,1563595753,"filename","","5d3293e9-b520-40ea-8f74-662c68f8e8cf","file","file"
"5d3293e9-2064-49ab-9d67-662c68f8e8cf",1206,"Payload delivery","md5","dda66624a2139ccfee1a5569edf30c33","",1,1563595753,"md5","","5d3293e9-b520-40ea-8f74-662c68f8e8cf","file","file"
"5d3293e9-62d8-4226-8321-662c68f8e8cf",1206,"Payload delivery","sha1","c97e2b25a9b182919e508fffa408697a143970f7","",1,1563595753,"sha1","","5d3293e9-b520-40ea-8f74-662c68f8e8cf","file","file"
"5d3293e9-7540-4a8b-8d68-662c68f8e8cf",1206,"Payload delivery","sha256","6044562f6fb183cdc6760c5ab574a7d9a17c1129bd5712e740e0fbdd527a284e","",1,1563595753,"sha256","","5d3293e9-b520-40ea-8f74-662c68f8e8cf","file","file"
"5d3293e9-240c-4dfe-8632-662c68f8e8cf",1206,"Other","size-in-bytes",532280,"",0,1563595753,"size-in-bytes","","5d3293e9-b520-40ea-8f74-662c68f8e8cf","file","file"
"5d3293f1-0a50-4b9e-b861-66ac68f8e8cf",1206,"Payload delivery","malware-sample","8c2cd2d7617a12283eda2a2dea386edd70bade325b845065153d4a62454a3951|02372c8f00c9ebd7991842126bbfbe50","",1,1563595761,"malware-sample","","5d3293f1-ec9c-40ac-9b20-66ac68f8e8cf","file","file"
"5d3293f1-1348-46a2-956a-66ac68f8e8cf",1206,"Payload delivery","filename","8c2cd2d7617a12283eda2a2dea386edd70bade325b845065153d4a62454a3951","",0,1563595761,"filename","","5d3293f1-ec9c-40ac-9b20-66ac68f8e8cf","file","file"
"5d3293f1-e668-4894-8994-66ac68f8e8cf",1206,"Payload delivery","md5","02372c8f00c9ebd7991842126bbfbe50","",1,1563595761,"md5","","5d3293f1-ec9c-40ac-9b20-66ac68f8e8cf","file","file"
"5d3293f1-2490-4b99-ad30-66ac68f8e8cf",1206,"Payload delivery","sha1","b90676e4b8f4a2efbd0ed0f239201b80db8f7d79","",1,1563595761,"sha1","","5d3293f1-ec9c-40ac-9b20-66ac68f8e8cf","file","file"
"5d3293f1-93cc-448f-8560-66ac68f8e8cf",1206,"Payload delivery","sha256","8c2cd2d7617a12283eda2a2dea386edd70bade325b845065153d4a62454a3951","",1,1563595761,"sha256","","5d3293f1-ec9c-40ac-9b20-66ac68f8e8cf","file","file"
"5d3293f1-6df4-4c5f-81dc-66ac68f8e8cf",1206,"Other","size-in-bytes",384808,"",0,1563595761,"size-in-bytes","","5d3293f1-ec9c-40ac-9b20-66ac68f8e8cf","file","file"
"5d3293f8-b4b4-482d-b957-66ac68f8e8cf",1206,"Payload delivery","malware-sample","3c900609c759d45246d7866896b86640ba280f9a1e88828a5b221c8597ddb356|b4a078b9701d74ad05b3bf65a7d84a6a","",1,1563595768,"malware-sample","","5d3293f8-7ddc-4f21-95c4-66ac68f8e8cf","file","file"
"5d3293f8-73bc-4637-8a48-66ac68f8e8cf",1206,"Payload delivery","filename","3c900609c759d45246d7866896b86640ba280f9a1e88828a5b221c8597ddb356","",0,1563595768,"filename","","5d3293f8-7ddc-4f21-95c4-66ac68f8e8cf","file","file"
"5d3293f8-3034-4d2c-8741-66ac68f8e8cf",1206,"Payload delivery","md5","b4a078b9701d74ad05b3bf65a7d84a6a","",1,1563595768,"md5","","5d3293f8-7ddc-4f21-95c4-66ac68f8e8cf","file","file"
"5d3293f8-d2e4-405f-af49-66ac68f8e8cf",1206,"Payload delivery","sha1","e34957655bbd5c15c2cba166672f3de64b0936c4","",1,1563595768,"sha1","","5d3293f8-7ddc-4f21-95c4-66ac68f8e8cf","file","file"
"5d3293f8-891c-471e-8d2c-66ac68f8e8cf",1206,"Payload delivery","sha256","3c900609c759d45246d7866896b86640ba280f9a1e88828a5b221c8597ddb356","",1,1563595768,"sha256","","5d3293f8-7ddc-4f21-95c4-66ac68f8e8cf","file","file"
"5d3293f8-cce0-4e48-a3f3-66ac68f8e8cf",1206,"Other","size-in-bytes",354664,"",0,1563595768,"size-in-bytes","","5d3293f8-7ddc-4f21-95c4-66ac68f8e8cf","file","file"

